id,company,country_code,role_id,work_mode,salary_usd,experience_level,posted_date,applicants
1,Meta,IN,1,Remote,19018,Principal,2023-03-01,54
2,SAP,AE,7,Onsite,51949,Principal,2023-04-01,23
3,Infosys,NL,4,Remote,103326,Principal,2025-04-01,152
4,Apple,US,13,Onsite,147474,Mid,2024-05-01,500
5,Adobe,AU,2,Onsite,59227,Senior,2024-06-01,423
6,Oracle,US,12,Hybrid,96033,Senior,2025-02-01,434
7,Airbnb,AE,15,Hybrid,55253,Senior,2022-01-01,50
8,Accenture,CA,14,Onsite,72187,Mid,2025-11-01,199
9,Netflix,AU,4,Remote,106338,Principal,2022-10-01,383
10,IBM,CA,3,Hybrid,97347,Entry,2023-11-01,127
11,Salesforce,US,13,Hybrid,140701,Senior,2022-04-01,118
12,Airbnb,JP,7,Remote,52899,Principal,2024-03-01,285
13,Airbnb,DE,12,Remote,57450,Mid,2025-06-01,270
14,Netflix,JP,2,Onsite,42028,Lead,2023-11-01,315
15,Stripe,IN,7,Hybrid,18003,Principal,2025-09-01,450
16,IBM,US,11,Remote,82892,Entry,2024-11-01,160
17,Netflix,SG,3,Hybrid,77439,Principal,2024-09-01,477
18,Accenture,IN,14,Remote,14709,Mid,2023-03-01,286
19,Meta,NL,15,Onsite,58321,Senior,2025-01-01,459
20,Wipro,DE,4,Onsite,81454,Entry,2022-02-01,399
21,Netflix,NL,13,Onsite,77621,Senior,2025-09-01,280
22,Palantir,AE,7,Onsite,68262,Lead,2023-12-01,353
23,Amazon,AU,8,Remote,103531,Senior,2023-04-01,20
24,Microsoft,AE,9,Onsite,71939,Mid,2022-02-01,44
25,Wipro,US,14,Hybrid,87997,Mid,2023-05-01,286
26,TCS,GB,12,Remote,61106,Mid,2023-08-01,58
27,Microsoft,IN,11,Hybrid,13579,Entry,2025-08-01,41
28,Uber,SG,12,Hybrid,70862,Mid,2022-04-01,284
29,Amazon,JP,3,Hybrid,55208,Lead,2025-04-01,423
30,Airbnb,NL,2,Onsite,57218,Mid,2022-02-01,218
31,Deloitte,JP,8,Onsite,68161,Entry,2022-03-01,209
32,Uber,DE,15,Hybrid,52392,Senior,2025-03-01,121
33,Microsoft,US,10,Remote,113691,Principal,2024-01-01,254
34,Amazon,NL,15,Remote,54525,Principal,2022-03-01,44
35,Adobe,CA,7,Onsite,94585,Entry,2023-10-01,327
36,Uber,IN,7,Remote,18477,Senior,2024-05-01,132
37,IBM,DE,7,Onsite,68642,Entry,2024-08-01,14
38,Uber,JP,10,Remote,61531,Principal,2022-09-01,145
39,Palantir,GB,15,Hybrid,63513,Mid,2023-06-01,234
40,Oracle,NL,12,Hybrid,63044,Senior,2022-11-01,487
41,Oracle,IN,15,Onsite,11777,Mid,2022-12-01,149
42,Stripe,DE,10,Onsite,65451,Principal,2023-11-01,260
43,Microsoft,DE,15,Onsite,47185,Entry,2025-05-01,180
44,TCS,GB,11,Hybrid,50315,Principal,2025-09-01,14
45,Salesforce,IN,2,Remote,15936,Principal,2022-06-01,85
46,Uber,SG,3,Onsite,82335,Mid,2022-06-01,351
47,Apple,IN,6,Remote,13555,Mid,2025-10-01,452
48,IBM,GB,13,Onsite,97356,Lead,2022-03-01,420
49,Microsoft,CA,5,Onsite,130345,Lead,2022-07-01,123
50,Google,CA,14,Hybrid,74482,Mid,2023-04-01,214
51,SAP,AU,5,Onsite,130241,Lead,2024-06-01,357
52,Salesforce,NL,6,Onsite,48405,Senior,2024-03-01,29
53,Adobe,IN,10,Hybrid,17357,Principal,2024-07-01,69
54,TCS,SG,15,Remote,59791,Entry,2022-12-01,276
55,TCS,NL,11,Remote,68796,Entry,2023-06-01,495
56,Palantir,AU,10,Hybrid,83921,Principal,2022-12-01,168
57,TCS,SG,6,Hybrid,63550,Lead,2023-04-01,356
58,Palantir,GB,10,Remote,65858,Mid,2022-05-01,230
59,Uber,AE,10,Remote,58505,Principal,2025-08-01,252
60,Airbnb,GB,11,Onsite,50273,Senior,2024-02-01,125
61,Amazon,CA,3,Onsite,83760,Lead,2025-10-01,222
62,Airbnb,AE,4,Remote,94889,Mid,2025-07-01,345
63,SAP,US,15,Onsite,93617,Lead,2023-03-01,35
64,SAP,NL,4,Onsite,90956,Principal,2025-11-01,314
65,Infosys,AU,13,Hybrid,109582,Mid,2025-09-01,390
66,Wipro,JP,8,Hybrid,68834,Mid,2024-09-01,150
67,IBM,JP,2,Remote,38070,Principal,2024-06-01,51
68,Uber,GB,3,Onsite,77810,Entry,2023-12-01,222
69,TCS,SG,6,Remote,61168,Lead,2022-04-01,473
70,Google,AE,12,Onsite,59513,Senior,2025-08-01,162
71,Airbnb,SG,14,Hybrid,70803,Senior,2023-08-01,233
72,Netflix,JP,1,Hybrid,53247,Lead,2025-12-01,480
73,Salesforce,GB,10,Remote,60101,Entry,2025-10-01,52
74,IBM,SG,3,Hybrid,82311,Mid,2024-07-01,242
75,Amazon,AU,6,Hybrid,59743,Lead,2025-05-01,19
76,Microsoft,NL,1,Hybrid,72464,Entry,2022-11-01,496
77,Wipro,CA,4,Onsite,116409,Entry,2023-03-01,298
78,Adobe,CA,8,Remote,102151,Principal,2024-03-01,392
79,Google,IN,13,Onsite,27893,Senior,2022-10-01,304
80,Palantir,SG,7,Remote,73069,Principal,2023-02-01,422
81,TCS,IN,13,Remote,28492,Senior,2024-09-01,45
82,Meta,NL,11,Hybrid,50374,Lead,2025-08-01,195
83,Oracle,JP,12,Onsite,42835,Lead,2024-10-01,248
84,Amazon,SG,14,Remote,74100,Senior,2024-04-01,461
85,Google,JP,4,Hybrid,72488,Lead,2025-06-01,445
86,Stripe,AU,3,Hybrid,88623,Principal,2024-06-01,369
87,Airbnb,DE,9,Onsite,74289,Lead,2023-02-01,260
88,Google,NL,13,Onsite,92355,Entry,2025-08-01,160
89,Oracle,CA,7,Remote,82709,Principal,2024-08-01,186
90,Palantir,SG,12,Remote,63551,Senior,2025-05-01,128
91,Uber,IN,12,Onsite,11608,Lead,2023-04-01,151
92,Palantir,AE,13,Remote,86912,Mid,2022-04-01,194
93,Microsoft,GB,5,Onsite,105051,Entry,2023-05-01,293
94,Google,DE,12,Onsite,56983,Principal,2025-02-01,155
95,Wipro,JP,8,Hybrid,60942,Entry,2022-05-01,430
96,Apple,IN,7,Hybrid,15264,Principal,2022-03-01,495
97,Adobe,DE,2,Onsite,45906,Principal,2025-10-01,125
98,TCS,NL,7,Hybrid,79701,Senior,2024-10-01,301
99,Uber,AE,1,Remote,83224,Senior,2022-04-01,348
100,Google,IN,3,Onsite,20352,Lead,2022-03-01,240
101,Palantir,AE,8,Hybrid,67064,Lead,2024-12-01,46
102,Meta,CA,15,Hybrid,76044,Principal,2023-07-01,125
103,Netflix,GB,15,Hybrid,62585,Senior,2022-01-01,314
104,Palantir,AE,15,Hybrid,53014,Lead,2025-12-01,492
105,Microsoft,DE,9,Remote,79162,Lead,2022-10-01,386
106,Salesforce,AU,10,Hybrid,68621,Principal,2023-11-01,496
107,Wipro,US,13,Remote,163751,Principal,2022-03-01,343
108,Wipro,JP,15,Hybrid,39343,Entry,2025-11-01,250
109,IBM,AU,7,Hybrid,78544,Lead,2022-03-01,365
110,Amazon,JP,5,Remote,88735,Senior,2022-08-01,139
111,Oracle,AU,2,Hybrid,71006,Lead,2022-11-01,221
112,Infosys,US,4,Remote,148093,Entry,2025-11-01,114
113,Wipro,DE,9,Onsite,83404,Entry,2025-12-01,24
114,Google,AE,13,Onsite,83674,Principal,2024-09-01,218
115,Apple,IN,4,Onsite,28467,Lead,2022-11-01,487
116,Airbnb,DE,9,Remote,73919,Lead,2025-08-01,292
117,Stripe,GB,7,Onsite,75705,Lead,2023-02-01,184
118,Salesforce,NL,5,Onsite,91541,Lead,2024-10-01,453
119,Oracle,GB,8,Remote,89189,Lead,2024-09-01,243
120,Deloitte,AU,14,Onsite,83483,Mid,2023-10-01,448
121,Apple,SG,1,Hybrid,91240,Lead,2025-07-01,28
122,Meta,GB,9,Remote,80203,Principal,2022-08-01,476
123,Wipro,JP,1,Remote,51522,Senior,2023-02-01,183
124,Oracle,AE,12,Hybrid,58517,Lead,2024-11-01,498
125,Microsoft,AU,11,Remote,77031,Principal,2025-09-01,45
126,Amazon,CA,11,Remote,81205,Lead,2023-12-01,60
127,IBM,IN,8,Onsite,22857,Entry,2022-01-01,160
128,Netflix,AU,6,Hybrid,57195,Mid,2025-10-01,99
129,Salesforce,IN,10,Hybrid,18854,Mid,2023-08-01,128
130,Palantir,JP,11,Hybrid,42972,Principal,2022-08-01,90
131,TCS,IN,8,Hybrid,25792,Senior,2024-11-01,243
132,Deloitte,DE,4,Hybrid,101752,Principal,2022-04-01,193
133,Google,AE,5,Remote,90872,Principal,2025-05-01,452
134,Adobe,US,15,Remote,99518,Senior,2024-04-01,122
135,Meta,CA,10,Hybrid,88480,Entry,2023-11-01,168
136,Palantir,JP,1,Remote,55342,Senior,2023-02-01,392
137,SAP,SG,3,Onsite,77720,Senior,2024-09-01,435
138,IBM,GB,5,Hybrid,117442,Entry,2024-12-01,249
139,Accenture,IN,3,Onsite,24997,Entry,2025-09-01,414
140,Stripe,SG,1,Hybrid,85933,Principal,2025-06-01,205
141,Oracle,AU,2,Remote,60656,Senior,2022-10-01,478
142,Palantir,AE,4,Remote,77868,Lead,2025-12-01,69
143,Meta,GB,1,Onsite,70485,Mid,2025-02-01,464
144,Apple,NL,3,Hybrid,82832,Lead,2025-10-01,345
145,Accenture,IN,14,Hybrid,15727,Mid,2024-01-01,237
146,Accenture,JP,4,Hybrid,62466,Entry,2024-09-01,213
147,Uber,DE,4,Onsite,100217,Principal,2025-02-01,20
148,Uber,US,13,Hybrid,133845,Entry,2023-10-01,434
149,Apple,NL,4,Remote,90454,Principal,2023-06-01,11
150,Meta,DE,14,Onsite,67125,Entry,2024-03-01,77
151,Stripe,US,6,Onsite,86732,Entry,2022-03-01,74
152,Accenture,SG,9,Onsite,92768,Principal,2025-08-01,313
153,SAP,IN,8,Remote,21239,Senior,2022-12-01,244
154,Meta,US,1,Hybrid,138024,Lead,2025-11-01,374
155,Apple,JP,2,Onsite,35896,Senior,2023-02-01,329
156,SAP,AE,9,Remote,71247,Principal,2024-08-01,230
157,Infosys,IN,13,Remote,23227,Mid,2023-07-01,221
158,TCS,AU,14,Hybrid,73691,Senior,2022-06-01,350
159,Amazon,DE,6,Onsite,54745,Entry,2025-02-01,57
160,Microsoft,SG,2,Remote,66227,Principal,2023-09-01,499
161,TCS,NL,9,Hybrid,85131,Entry,2025-06-01,157
162,Wipro,AE,5,Hybrid,82822,Mid,2023-03-01,443
163,Airbnb,IN,6,Remote,11671,Lead,2024-10-01,442
164,Stripe,NL,13,Remote,96924,Entry,2022-10-01,102
165,Netflix,DE,12,Hybrid,64208,Mid,2024-01-01,299
166,SAP,SG,2,Onsite,61764,Mid,2022-02-01,202
167,IBM,SG,8,Hybrid,86133,Principal,2024-12-01,315
168,Amazon,IN,15,Onsite,11363,Senior,2022-11-01,236
169,SAP,SG,8,Remote,97161,Entry,2024-04-01,186
170,Palantir,SG,2,Hybrid,63208,Entry,2025-09-01,122
171,Apple,SG,10,Onsite,61366,Senior,2024-04-01,158
172,Apple,AU,2,Onsite,61392,Lead,2025-03-01,282
173,Deloitte,CA,9,Remote,114434,Entry,2024-02-01,233
174,Deloitte,US,8,Onsite,149000,Lead,2025-10-01,158
175,Infosys,IN,7,Onsite,19150,Senior,2023-10-01,55
176,Amazon,SG,14,Onsite,62025,Lead,2025-09-01,455
177,SAP,DE,12,Hybrid,52239,Entry,2023-02-01,281
178,Meta,NL,4,Hybrid,91712,Mid,2023-04-01,141
179,Wipro,CA,3,Remote,93196,Lead,2022-03-01,396
180,IBM,AE,13,Remote,83165,Mid,2024-11-01,235
181,Microsoft,IN,8,Hybrid,23387,Senior,2024-10-01,269
182,Palantir,IN,5,Hybrid,33510,Entry,2022-06-01,340
183,Oracle,IN,10,Remote,18786,Entry,2025-10-01,240
184,Apple,AE,11,Onsite,49064,Entry,2025-09-01,240
185,Netflix,IN,13,Hybrid,29190,Entry,2022-09-01,136
186,Accenture,JP,8,Remote,66370,Senior,2023-06-01,208
187,IBM,SG,13,Hybrid,105367,Entry,2022-11-01,178
188,Adobe,IN,9,Remote,21192,Mid,2024-12-01,180
189,Deloitte,IN,10,Remote,16729,Mid,2024-05-01,314
190,SAP,IN,5,Remote,33724,Entry,2024-03-01,340
191,Uber,SG,9,Hybrid,76992,Senior,2024-03-01,495
192,Palantir,JP,4,Onsite,78384,Entry,2023-02-01,269
193,IBM,NL,14,Remote,73508,Principal,2022-11-01,77
194,Infosys,AE,7,Onsite,54352,Entry,2023-12-01,220
195,Palantir,AU,11,Remote,63576,Lead,2025-10-01,129
196,Accenture,NL,4,Hybrid,109409,Principal,2025-04-01,235
197,Uber,JP,13,Hybrid,72049,Principal,2025-03-01,80
198,Meta,DE,1,Remote,76800,Principal,2024-09-01,445
199,SAP,IN,5,Onsite,35216,Mid,2024-08-01,435
200,TCS,SG,2,Onsite,63073,Entry,2024-01-01,212
201,Airbnb,NL,6,Onsite,52851,Entry,2022-06-01,173
202,Microsoft,IN,14,Remote,16360,Senior,2023-03-01,479
203,Adobe,JP,12,Onsite,47072,Entry,2025-08-01,473
204,Adobe,IN,1,Hybrid,18111,Principal,2023-09-01,226
205,Airbnb,IN,13,Hybrid,23493,Lead,2022-01-01,337
206,Oracle,AE,8,Onsite,66138,Entry,2025-10-01,333
207,Google,NL,10,Onsite,68537,Principal,2024-07-01,190
208,Accenture,CA,10,Hybrid,76120,Entry,2022-09-01,498
209,Wipro,NL,9,Remote,90599,Entry,2022-07-01,335
210,Accenture,SG,6,Hybrid,64452,Mid,2024-02-01,385
211,Microsoft,IN,13,Remote,28118,Senior,2024-03-01,289
212,Wipro,AU,14,Remote,70650,Mid,2025-12-01,425
213,Palantir,GB,2,Remote,60229,Mid,2025-01-01,32
214,Deloitte,CA,15,Onsite,63482,Principal,2024-09-01,252
215,IBM,DE,1,Remote,70091,Senior,2024-01-01,73
216,Netflix,AU,7,Hybrid,89058,Lead,2025-06-01,364
217,TCS,JP,6,Remote,37838,Entry,2022-12-01,230
218,Amazon,AE,14,Onsite,56440,Senior,2024-02-01,348
219,Infosys,DE,5,Hybrid,101017,Senior,2025-03-01,238
220,Microsoft,US,12,Hybrid,98273,Entry,2025-05-01,353
221,Apple,SG,6,Remote,67382,Principal,2023-01-01,357
222,Deloitte,JP,1,Onsite,46780,Principal,2024-06-01,26
223,Infosys,AE,3,Remote,77104,Entry,2024-06-01,303
224,Meta,GB,9,Hybrid,79492,Entry,2024-04-01,386
225,Stripe,GB,8,Remote,86572,Lead,2022-05-01,119
226,Meta,AE,5,Remote,108917,Mid,2025-04-01,446
227,IBM,IN,8,Onsite,24183,Senior,2025-02-01,373
228,Netflix,IN,9,Remote,20559,Senior,2024-03-01,270
229,Google,CA,2,Onsite,69956,Senior,2023-08-01,293
230,Amazon,AE,6,Hybrid,54555,Entry,2023-10-01,168
231,Salesforce,SG,12,Remote,66521,Entry,2025-07-01,74
232,Oracle,AU,11,Onsite,63355,Principal,2024-03-01,103
233,SAP,GB,7,Remote,80984,Mid,2022-02-01,165
234,SAP,GB,3,Hybrid,94955,Senior,2023-06-01,443
235,Palantir,IN,5,Onsite,33962,Principal,2024-03-01,283
236,Adobe,IN,9,Remote,19758,Principal,2023-03-01,182
237,Uber,AE,1,Onsite,59597,Principal,2024-11-01,223
238,Palantir,AE,11,Onsite,51809,Lead,2024-11-01,135
239,Infosys,SG,5,Hybrid,97652,Lead,2022-03-01,257
240,IBM,JP,4,Hybrid,73272,Senior,2024-12-01,214
241,Airbnb,GB,13,Hybrid,91409,Lead,2022-06-01,72
242,Deloitte,DE,8,Onsite,70239,Principal,2022-05-01,224
243,Netflix,CA,14,Onsite,81922,Lead,2024-04-01,273
244,SAP,JP,8,Hybrid,63950,Lead,2022-07-01,133
245,Adobe,CA,10,Hybrid,72626,Lead,2024-08-01,156
246,Accenture,NL,1,Onsite,74268,Lead,2024-12-01,197
247,Oracle,US,7,Onsite,112728,Senior,2023-06-01,47
248,Adobe,SG,9,Hybrid,97139,Entry,2024-10-01,75
249,Accenture,IN,7,Hybrid,19048,Mid,2024-09-01,111
250,Apple,AE,9,Hybrid,73002,Senior,2022-01-01,421
251,Adobe,JP,9,Hybrid,53681,Senior,2023-06-01,93
252,SAP,SG,10,Remote,85190,Principal,2024-09-01,260
253,Meta,AE,5,Hybrid,102904,Lead,2024-06-01,308
254,Wipro,DE,13,Remote,99613,Senior,2022-10-01,345
255,SAP,AE,10,Onsite,61426,Principal,2025-03-01,406
256,Google,SG,3,Remote,86481,Lead,2022-04-01,170
257,Adobe,SG,3,Hybrid,96201,Lead,2025-09-01,456
258,Wipro,US,12,Onsite,91711,Principal,2024-11-01,202
259,Accenture,AU,3,Hybrid,108993,Senior,2024-09-01,322
260,Palantir,JP,4,Onsite,63641,Senior,2024-04-01,370
261,Oracle,CA,12,Remote,74942,Senior,2025-06-01,157
262,Apple,IN,10,Remote,18989,Senior,2025-06-01,31
263,Stripe,DE,12,Onsite,52198,Lead,2025-11-01,119
264,Meta,CA,14,Remote,74824,Principal,2024-03-01,389
265,Airbnb,AE,4,Onsite,72264,Entry,2023-11-01,61
266,Oracle,SG,6,Remote,61288,Mid,2023-01-01,218
267,Palantir,JP,8,Remote,59976,Entry,2024-06-01,474
268,TCS,IN,11,Remote,13451,Mid,2022-03-01,488
269,Palantir,US,14,Hybrid,109725,Entry,2023-12-01,14
270,Infosys,DE,10,Remote,58154,Principal,2024-05-01,278
271,Uber,JP,15,Onsite,46158,Entry,2025-05-01,179
272,IBM,GB,12,Hybrid,60580,Senior,2023-01-01,300
273,SAP,CA,3,Remote,115145,Senior,2025-07-01,54
274,IBM,SG,11,Onsite,53891,Mid,2023-08-01,13
275,Palantir,DE,7,Onsite,64237,Principal,2024-06-01,380
276,Meta,AE,1,Hybrid,74273,Lead,2023-01-01,167
277,Meta,GB,7,Remote,72155,Senior,2024-12-01,198
278,Infosys,AE,4,Onsite,94980,Principal,2025-03-01,201
279,Adobe,SG,12,Remote,75241,Entry,2023-04-01,279
280,Oracle,JP,9,Remote,59237,Principal,2022-01-01,113
281,Uber,AE,9,Onsite,63027,Principal,2025-02-01,260
282,Apple,IN,15,Remote,13374,Principal,2022-08-01,222
283,Google,JP,10,Onsite,50801,Lead,2024-12-01,140
284,Accenture,US,12,Onsite,93343,Entry,2022-07-01,287
285,Palantir,US,15,Onsite,99001,Lead,2025-01-01,102
286,Deloitte,GB,13,Remote,107180,Lead,2025-06-01,455
287,Accenture,SG,7,Onsite,78985,Entry,2023-11-01,101
288,Google,NL,7,Remote,64954,Senior,2023-01-01,247
289,Infosys,NL,7,Remote,70481,Senior,2023-04-01,89
290,TCS,DE,4,Remote,102307,Principal,2022-11-01,402
291,Adobe,US,4,Onsite,125307,Entry,2022-08-01,135
292,Apple,US,7,Hybrid,105835,Principal,2023-01-01,158
293,Palantir,CA,14,Remote,82174,Mid,2024-04-01,348
294,Salesforce,NL,4,Hybrid,90254,Mid,2022-09-01,330
295,Deloitte,SG,9,Hybrid,77766,Principal,2024-11-01,173
296,Wipro,SG,7,Onsite,70385,Mid,2023-09-01,444
297,Oracle,CA,5,Remote,115013,Lead,2025-01-01,223
298,IBM,NL,9,Onsite,75157,Entry,2024-04-01,482
299,Stripe,JP,14,Hybrid,41693,Lead,2023-01-01,354
300,Oracle,AE,10,Onsite,64056,Mid,2023-10-01,255
301,Uber,CA,14,Hybrid,73395,Entry,2022-04-01,392
302,Airbnb,JP,15,Onsite,44211,Principal,2023-07-01,174
303,Stripe,DE,7,Hybrid,68686,Senior,2024-05-01,272
304,Uber,JP,8,Onsite,67022,Senior,2025-06-01,170
305,Stripe,SG,1,Remote,97113,Principal,2023-01-01,488
306,IBM,AE,10,Remote,60272,Mid,2023-04-01,204
307,Wipro,AE,14,Onsite,55668,Lead,2024-05-01,245
308,Oracle,GB,12,Hybrid,52245,Entry,2025-03-01,278
309,TCS,US,14,Onsite,109910,Mid,2022-01-01,441
310,Infosys,CA,2,Remote,61785,Senior,2023-09-01,40
311,Wipro,AE,11,Remote,62860,Entry,2025-11-01,13
312,Palantir,NL,9,Hybrid,69138,Entry,2024-09-01,267
313,Apple,SG,13,Onsite,84682,Mid,2022-09-01,108
314,Amazon,AE,9,Hybrid,79903,Senior,2024-07-01,217
315,Amazon,JP,10,Onsite,57262,Entry,2023-05-01,57
316,Google,SG,7,Hybrid,79233,Mid,2022-11-01,52
317,Meta,JP,14,Hybrid,49565,Principal,2024-10-01,480
318,Microsoft,US,4,Onsite,161335,Entry,2025-05-01,360
319,IBM,DE,15,Remote,58779,Entry,2022-03-01,116
320,Netflix,AE,3,Remote,85816,Principal,2022-05-01,133
321,Apple,AE,14,Hybrid,61080,Entry,2024-07-01,266
322,Adobe,AU,1,Onsite,85711,Principal,2022-06-01,498
323,Wipro,AE,7,Hybrid,54110,Mid,2024-08-01,192
324,Adobe,NL,7,Hybrid,64306,Senior,2025-02-01,418
325,Apple,CA,12,Onsite,61293,Lead,2023-07-01,172
326,Accenture,AU,2,Onsite,52320,Senior,2024-08-01,62
327,Google,GB,2,Onsite,50767,Entry,2025-02-01,191
328,Google,NL,2,Remote,60437,Senior,2024-07-01,221
329,SAP,SG,13,Onsite,102476,Mid,2023-10-01,360
330,Apple,SG,3,Onsite,81304,Entry,2024-08-01,95
331,Stripe,SG,5,Hybrid,105272,Mid,2022-06-01,379
332,Palantir,JP,10,Remote,48668,Entry,2022-03-01,495
333,IBM,SG,6,Remote,59573,Lead,2024-08-01,427
334,IBM,AE,3,Hybrid,71911,Mid,2023-08-01,213
335,Airbnb,AU,5,Remote,129739,Senior,2025-10-01,202
336,Oracle,DE,14,Hybrid,58530,Mid,2023-10-01,359
337,Palantir,NL,1,Remote,80433,Entry,2023-08-01,429
338,Stripe,SG,11,Hybrid,55289,Mid,2024-04-01,376
339,Deloitte,SG,13,Hybrid,87219,Principal,2025-10-01,269
340,Oracle,SG,9,Onsite,93935,Principal,2024-12-01,336
341,Adobe,IN,2,Onsite,13874,Entry,2024-03-01,298
342,Google,SG,13,Hybrid,113972,Entry,2025-02-01,142
343,Accenture,CA,9,Remote,104617,Lead,2023-08-01,247
344,Meta,AE,12,Remote,51636,Senior,2022-08-01,222
345,Infosys,IN,2,Remote,12686,Mid,2024-06-01,276
346,Amazon,JP,6,Hybrid,34732,Senior,2025-06-01,32
347,Airbnb,IN,1,Hybrid,20679,Principal,2023-12-01,99
348,Deloitte,NL,3,Hybrid,85508,Mid,2025-04-01,105
349,Salesforce,SG,7,Onsite,80213,Lead,2023-08-01,209
350,Meta,US,12,Onsite,83150,Principal,2022-10-01,105
351,Wipro,AU,6,Onsite,60658,Principal,2024-11-01,337
352,Accenture,AU,10,Hybrid,82671,Lead,2022-06-01,326
353,Salesforce,GB,14,Remote,68900,Entry,2024-10-01,354
354,Accenture,GB,6,Onsite,47774,Mid,2022-03-01,271
355,Netflix,SG,7,Remote,71612,Lead,2025-07-01,335
356,Netflix,NL,12,Remote,70948,Lead,2023-09-01,157
357,Google,GB,3,Hybrid,92618,Lead,2022-06-01,79
358,Wipro,CA,14,Hybrid,88854,Lead,2025-07-01,373
359,Palantir,JP,8,Onsite,53748,Entry,2022-04-01,150
360,Wipro,CA,9,Hybrid,90947,Principal,2025-10-01,271
361,Microsoft,IN,10,Onsite,16255,Lead,2024-09-01,289
362,Microsoft,CA,7,Onsite,89433,Lead,2023-05-01,144
363,Uber,AU,14,Onsite,71626,Principal,2022-04-01,362
364,Adobe,AU,14,Remote,80869,Mid,2025-03-01,411
365,Stripe,CA,14,Onsite,81741,Principal,2024-09-01,285
366,Meta,GB,6,Remote,52160,Mid,2024-09-01,394
367,Apple,SG,15,Onsite,70518,Mid,2023-12-01,84
368,Apple,AU,14,Onsite,78683,Principal,2025-08-01,333
369,Amazon,DE,11,Hybrid,53903,Lead,2022-11-01,273
370,Salesforce,DE,12,Hybrid,56225,Entry,2025-06-01,454
371,Oracle,IN,12,Hybrid,13318,Lead,2024-02-01,121
372,IBM,SG,14,Onsite,67093,Principal,2024-05-01,305
373,Meta,GB,10,Hybrid,73881,Lead,2022-01-01,18
374,Uber,IN,15,Onsite,12449,Mid,2022-07-01,461
375,Amazon,DE,3,Hybrid,70240,Senior,2024-05-01,350
376,Amazon,GB,1,Hybrid,80939,Entry,2023-07-01,10
377,Infosys,CA,8,Onsite,91401,Entry,2023-09-01,14
378,Apple,AU,14,Onsite,83645,Lead,2025-12-01,46
379,IBM,CA,7,Onsite,89302,Senior,2022-02-01,461
380,Apple,DE,3,Hybrid,86563,Entry,2023-11-01,281
381,Uber,AE,1,Remote,76421,Mid,2025-06-01,480
382,Meta,SG,10,Remote,75915,Mid,2023-02-01,395
383,Apple,IN,10,Remote,18094,Mid,2025-06-01,151
384,Google,IN,4,Remote,31836,Senior,2024-12-01,115
385,Microsoft,NL,10,Remote,62564,Mid,2025-05-01,263
386,Google,SG,2,Onsite,57593,Senior,2022-09-01,488
387,Oracle,AU,3,Hybrid,107500,Mid,2025-06-01,400
388,Stripe,JP,13,Onsite,54584,Mid,2022-01-01,30
389,Deloitte,US,13,Hybrid,145288,Entry,2025-07-01,337
390,Amazon,NL,9,Remote,74737,Principal,2022-05-01,481
391,Amazon,CA,13,Onsite,107723,Senior,2025-10-01,367
392,Meta,SG,12,Onsite,54124,Lead,2022-07-01,323
393,Google,AE,1,Hybrid,74537,Mid,2023-02-01,369
394,Accenture,US,3,Hybrid,147668,Mid,2024-03-01,393
395,TCS,DE,12,Onsite,59176,Senior,2022-06-01,278
396,Infosys,IN,5,Remote,40011,Principal,2022-08-01,194
397,Meta,US,8,Remote,129789,Principal,2023-05-01,355
398,Airbnb,IN,4,Remote,30982,Entry,2022-01-01,251
399,TCS,AU,7,Onsite,72006,Mid,2022-09-01,174
400,Accenture,CA,7,Remote,84769,Entry,2022-10-01,267
401,Amazon,US,3,Onsite,136194,Lead,2022-07-01,453
402,Accenture,DE,13,Hybrid,82493,Mid,2025-01-01,159
403,Accenture,AE,13,Hybrid,87894,Principal,2023-08-01,262
404,Google,CA,12,Remote,81066,Lead,2023-03-01,22
405,Google,CA,9,Hybrid,105119,Lead,2022-06-01,444
406,Wipro,DE,2,Onsite,52304,Entry,2023-07-01,82
407,Accenture,DE,2,Onsite,58392,Lead,2025-12-01,392
408,Salesforce,IN,10,Onsite,17500,Principal,2025-02-01,41
409,Deloitte,SG,11,Onsite,54820,Senior,2024-06-01,172
410,Salesforce,JP,5,Onsite,63651,Entry,2023-03-01,89
411,Oracle,IN,3,Hybrid,23261,Senior,2025-02-01,404
412,Netflix,CA,8,Hybrid,105823,Senior,2022-02-01,433
413,Amazon,AE,1,Onsite,75029,Mid,2024-03-01,192
414,Google,SG,9,Onsite,90993,Lead,2024-03-01,447
415,Meta,JP,9,Remote,62729,Mid,2022-08-01,72
416,Amazon,US,1,Onsite,106706,Principal,2025-06-01,310
417,Infosys,DE,15,Onsite,46048,Mid,2022-04-01,57
418,Salesforce,AU,2,Onsite,69592,Lead,2022-03-01,430
419,Accenture,SG,8,Onsite,88918,Mid,2025-03-01,475
420,Adobe,GB,5,Hybrid,101332,Principal,2023-01-01,325
421,Amazon,CA,11,Hybrid,69977,Senior,2025-01-01,206
422,Oracle,GB,7,Onsite,70076,Entry,2023-11-01,205
423,SAP,AU,8,Remote,113930,Senior,2024-10-01,208
424,Stripe,DE,3,Onsite,72627,Entry,2023-01-01,424
425,Meta,JP,9,Hybrid,64803,Mid,2023-03-01,346
426,Salesforce,CA,5,Remote,140967,Lead,2022-04-01,191
427,Google,GB,3,Onsite,82878,Senior,2024-10-01,495
428,Oracle,AE,10,Onsite,58691,Senior,2023-08-01,99
429,SAP,JP,1,Onsite,46602,Lead,2023-01-01,10
430,Netflix,AU,15,Remote,63767,Senior,2023-06-01,40
431,SAP,US,3,Remote,142123,Senior,2023-02-01,47
432,Palantir,AU,12,Remote,69842,Senior,2022-06-01,79
433,IBM,GB,12,Hybrid,63078,Mid,2025-11-01,372
434,Salesforce,NL,12,Remote,68240,Mid,2023-11-01,203
435,Google,DE,12,Remote,55091,Principal,2023-12-01,210
436,Salesforce,AE,1,Onsite,70254,Entry,2023-11-01,489
437,IBM,JP,3,Hybrid,65490,Mid,2023-06-01,335
438,Google,IN,14,Remote,16455,Senior,2024-08-01,117
439,Google,CA,12,Onsite,66937,Entry,2022-12-01,207
440,Deloitte,JP,12,Hybrid,51903,Senior,2025-08-01,289
441,Infosys,SG,2,Hybrid,65197,Entry,2023-03-01,419
442,IBM,US,5,Onsite,145246,Mid,2022-02-01,464
443,Adobe,SG,3,Remote,81779,Principal,2022-06-01,467
444,TCS,JP,12,Onsite,42780,Mid,2023-10-01,37
445,Oracle,IN,6,Onsite,12940,Principal,2025-12-01,145
446,Oracle,DE,5,Onsite,82675,Lead,2025-10-01,88
447,Adobe,US,6,Onsite,82645,Lead,2024-11-01,112
448,Wipro,IN,1,Onsite,17131,Entry,2024-02-01,167
449,Oracle,SG,8,Hybrid,107372,Lead,2024-02-01,104
450,Stripe,AU,15,Hybrid,65336,Lead,2025-01-01,248
451,Meta,DE,4,Hybrid,93773,Entry,2023-12-01,352
452,Microsoft,AU,13,Remote,106363,Lead,2023-09-01,429
453,Airbnb,NL,7,Remote,77234,Lead,2025-10-01,163
454,Infosys,IN,7,Remote,15509,Mid,2023-02-01,495
455,TCS,GB,4,Onsite,81825,Mid,2025-02-01,431
456,Deloitte,GB,14,Remote,60177,Principal,2022-02-01,213
457,Adobe,NL,6,Hybrid,57337,Principal,2022-12-01,277
458,Salesforce,SG,2,Hybrid,53694,Entry,2022-02-01,412
459,Deloitte,DE,14,Remote,69995,Lead,2025-05-01,302
460,Adobe,AE,8,Onsite,67516,Principal,2025-03-01,358
461,Airbnb,SG,1,Hybrid,94934,Entry,2024-12-01,391
462,Palantir,JP,15,Hybrid,48681,Senior,2022-06-01,153
463,Palantir,JP,14,Remote,51638,Lead,2023-03-01,406
464,Infosys,AU,5,Remote,119510,Mid,2022-04-01,477
465,SAP,SG,12,Hybrid,70060,Mid,2024-01-01,43
466,Uber,DE,12,Remote,57008,Mid,2022-03-01,438
467,Uber,US,4,Onsite,142119,Senior,2024-12-01,198
468,Google,JP,9,Hybrid,62437,Mid,2022-11-01,200
469,Oracle,JP,10,Hybrid,46970,Senior,2025-10-01,186
470,Google,GB,14,Hybrid,67705,Lead,2022-05-01,35
471,Airbnb,GB,14,Remote,70337,Mid,2023-04-01,147
472,Apple,SG,9,Onsite,95851,Mid,2022-08-01,317
473,Stripe,US,4,Hybrid,154875,Lead,2024-12-01,468
474,Palantir,SG,14,Hybrid,69139,Principal,2023-08-01,432
475,Adobe,AE,7,Remote,57148,Principal,2024-09-01,154
476,IBM,DE,11,Onsite,53465,Senior,2024-05-01,143
477,Adobe,DE,4,Onsite,88778,Lead,2023-01-01,348
478,Stripe,AU,11,Onsite,68590,Lead,2025-05-01,217
479,Airbnb,SG,12,Onsite,63954,Principal,2023-06-01,336
480,Oracle,JP,15,Remote,42903,Mid,2024-03-01,160
481,IBM,IN,8,Onsite,23161,Entry,2023-11-01,123
482,Accenture,AU,4,Remote,127070,Senior,2025-06-01,309
483,Uber,DE,8,Onsite,78024,Principal,2022-08-01,71
484,Uber,SG,9,Hybrid,87654,Senior,2023-03-01,219
485,Wipro,AE,15,Hybrid,48220,Senior,2023-02-01,333
486,Uber,GB,6,Remote,48245,Mid,2025-05-01,305
487,TCS,GB,8,Onsite,74234,Lead,2025-11-01,229
488,Accenture,JP,7,Onsite,42997,Entry,2023-12-01,466
489,Airbnb,AU,13,Remote,99045,Mid,2022-11-01,365
490,Amazon,AU,5,Onsite,100624,Entry,2024-03-01,162
491,Apple,DE,8,Remote,84974,Senior,2024-07-01,471
492,Airbnb,JP,6,Onsite,34108,Mid,2025-01-01,382
493,Accenture,GB,4,Remote,84698,Entry,2023-02-01,202
494,Meta,DE,13,Remote,92920,Entry,2022-11-01,34
495,Apple,IN,7,Hybrid,16871,Mid,2024-08-01,365
496,Adobe,US,5,Hybrid,167760,Mid,2024-10-01,224
497,Meta,IN,9,Remote,22714,Lead,2024-02-01,111
498,TCS,AE,4,Hybrid,95652,Senior,2023-06-01,92
499,Airbnb,US,9,Hybrid,149373,Entry,2025-06-01,16
500,Amazon,IN,15,Onsite,13946,Principal,2025-03-01,48
